StopLossPct,FinalValue
5.0,1.4593384730092502
8.0,1.3542363544535063
10.0,1.328408761029233
12.0,1.3052323197834261
15.0,1.3052323197834261
